player_id,theta,SE,rating,num_games,num_obs
15,0.077245,0.044325,-0.144378,200,6983
16,0.068512,0.040894,-0.135958,200,6643
30,0.06703,0.034922,-0.107582,200,9222
31,0.084378,0.034455,-0.087897,200,7310
35,0.084096,0.039752,-0.114665,200,6770
38,0.05207,0.044875,-0.172304,200,7337
47,0.081211,0.04324,-0.134989,200,6813
