db_rank,player_id,name,db_rating,model_rank,theta,rank_gap,train_games,train_samples
43,30475,Владимир Степанов,13142.0,15402,-5.09123,15359,7,785
13,34846,Антон Чернин,13603.0,6778,-0.113127,6765,25,1030
98,18194,Мария Кленницкая,12768.0,3867,0.042507,3769,8,346
91,66764,Эльмира Гулуева,12811.0,2022,0.144506,1931,29,1088
